﻿<parameters>
  <parameter name="IIS Web Application Name" defaultValue="Default Web Site/TrainingApp2" tags="IisApp">
    <parameterEntry kind="ProviderPath" scope="IisApp" match="^C:\\svn\\TrainingDemoApp2\\TrainingApp2Web\\obj\\Debug\\Package\\PackageTmp$" />
    <parameterEntry kind="ProviderPath" scope="setAcl" match="^C:\\svn\\TrainingDemoApp2\\TrainingApp2Web\\obj\\Debug\\Package\\PackageTmp$" />
  </parameter>
  <parameter name="ClientId" description="Value for ClientId here." defaultValue="544fc1bf-b6d6-4780-a06f-be3d43ea0e6b" tags="applicationSettings">
    <parameterEntry kind="XmlFile" scope="web.config$" match="/configuration/appSettings/add[@key='ClientId']/@value" />
  </parameter>
  <parameter name="ClientSecret" description="Value for ClientSecret here." defaultValue="Ll9Ozj8ahahAVnq2Q1S1sF6HFEUCyXRzHdq1yN6889c=" tags="applicationSettings">
    <parameterEntry kind="XmlFile" scope="web.config$" match="/configuration/appSettings/add[@key='ClientSecret']/@value" />
  </parameter>
</parameters>